section,in_resume,title,institution,loc,start,end,description_1,description_2,description_3
education,TRUE,"M.S., Program Evaluation and Data Analysis",Arizona State University,"Tempe, AZ",2025,2027,Studying R and Program Evaluation design.,Expected graduation: Spring 2027,NA
education,TRUE,"B.A., Business Administration",Northern Arizona University,"Flagstaff, AZ",2008,2012,"Studied Business Administration including topics such as leadership, management, and finances.",NA,NA
research_positions,FALSE,Research Assistant,Adair Laboratory,University of Vermont,2012,2013,Independently analyzed and constructed statistical models for large data sets pertaining to carbon decomposition rates.,NA,NA
research_positions,FALSE,Undergraduate Researcher,Bentil Laboratory,University of Vermont,2013,2014,Developed mathematical model to predict the transport of sulfur through the environment with applications in waste cleanup.,NA,NA
research_positions,FALSE,Undergraduate Researcher,Rubenstein Ecosystems Science Laboratory,University of Vermont,2013,2015,Analyzed and visualized data for CATOS fish tracking project.,Head of data mining project to establish temporal trends in population densities of Mysis diluviana (Mysis).,Ran project to mathematically model the migration patterns of Mysis (honors thesis project.)
research_positions,FALSE,Human Computer Interaction Researcher,LabInTheWild (Reineke Lab),University of Michigan,2015,2015,Led development and implementation of interactive data visualizations to help users compare themselves to other demographics.,NA,NA
research_positions,FALSE,Graduate Research Assistant,TBILab (Yaomin Xu's Lab),Vanderbilt University,2015,2020,Primarily working with large EHR and Biobank datasets.,Developing network-based methods to investigate and visualize clinically relevant patterns in data.,NA
research_positions,FALSE,Data Science Researcher,Data Science Lab,Johns Hopkins University,2017,2018,Building R Shiny applications in the contexts of wearables and statistics education.,Work primarily done in R Shiny and Javascript (node and d3js).,NA
industry_positions,TRUE,Workforce Development Supervisor,Rio Salado College,"Tempe, AZ",2026,2026,"Oversee Career Services team for Adult Education program, connecting students to jobs and work-based learning experiences.",NA,NA
industry_positions,TRUE,Instructional Svs Coord Sr,Rio Salado College,"Tempe, AZ",2023,2026,Built industry partnership programs including apprenticeship with TSMC.,NA,NA
industry_positions,TRUE,"Lead Faculty, Business Dept.",Rio Salado College,"Tempe, AZ",2021,2023,"Assisted Business Chair with running Business Dept., including evaluating adjunct faculty and helping with course development.",NA,NA
industry_positions,TRUE,"Adjunct Faculty, Computer Information Sci Dept.",Rio Salado College,"Tempe, AZ",2014,2026,Adjunct Faculty for CIS105: Introduction to Computer Systems specializing in Microsoft Office 365.,Constructed training protocol for bringing third parties up to speed with new protocol.,NA
industry_positions,TRUE,"Adjunct Faculty, Business Dept.",Rio Salado College,"Tempe, AZ",2021,2024,Adunct Faculty for Small Business courses in partnership with our Incarcerated Re-Entry program print-based courses.,"Work primarily done in R, Javascript, and Adobe Illustrator.",NA
teaching_positions,FALSE,Statistical Computing in R,Vanderbilt Biostatistics Department,"Nashville, TN",2017,2017,TA and lectured,Covered introduction to R language for statistics applications,Graduate level class
teaching_positions,FALSE,Advanced Statistical Learning and Inference,Vanderbilt Biostatistics Department,"Nashville, TN",2017,2018,TA and lectured,Topics covered from penalized regression to boosted trees and neural networks,Highest level course offered in department
teaching_positions,FALSE,Advanced Statistical Computing,Vanderbilt Biostatistics Department,"Nashville, TN",2018,2018,TA and lectured,Covered modern statistical computing algorithms,4th year PhD level class
teaching_positions,FALSE,Data Visualization Best Practices,DataCamp,N/A,2019,2019,Designed from bottom up course to teach best practices for scientific visualizations.,Uses R and ggplot2.,In top 10% on platform by popularity.
teaching_positions,FALSE,Improving your visualization in Python,DataCamp,N/A,2019,2019,Designed from bottom up course to teach advanced methods for enhancing visualization.,"Uses python, matplotlib, and seaborn.",NA
data_science_writings,TRUE,MontyHall Problem: GitHub Package,GitHub,NA,NA,2026,Created package in Rstudio to solve MontyHall problem. Uploaded custom package to GitHub to be open source.,Graduate-level Coursework.,NA
data_science_writings,FALSE,[Using AWK and R to Parse 25tb](https://livefreeordichotomize.com/2019/06/04/using_awk_and_r_to_parse_25tb/),LiveFreeOrDichotomize.com,NA,NA,2019,Story of parsing large amounts of genomics data.,Provided advice for dealing with data much larger than disk.,Reached top of HackerNews.
data_science_writings,FALSE,[The United States of Seasons](https://livefreeordichotomize.com/2018/02/12/the-united-states-of-seasons/),LiveFreeOrDichotomize.com,NA,NA,2018,GIS analysis of weather data to find the most 'seasonal' locations in United States,Used Bayesian regression methods for smoothing sparse geospatial data.,NA
data_science_writings,FALSE,[A year as told by fitbit](https://livefreeordichotomize.com/2017/12/27/a-year-as-told-by-fitbit/),LiveFreeOrDichotomize.com,NA,NA,2017,Analyzing a full years worth of second-level heart rate data from wearable device.,Demonstrated visualization-based inference for large data.,NA
data_science_writings,FALSE,[MCMC and the case of the spilled seeds](https://livefreeordichotomize.com/2017/10/14/mcmc-and-the-case-of-the-spilled-seeds/),LiveFreeOrDichotomize.com,NA,NA,2017,Full Bayesian MCMC sampler running in your browser.,Coded from scratch in vanilla Javascript.,NA
data_science_writings,FALSE,[The Traveling Metallurgist](https://livefreeordichotomize.com/2017/09/25/the-traveling-metallurgist/),LiveFreeOrDichotomize.com,NA,NA,2017,Pure javascript implementation of traveling salesman solution using simulated annealing.,Allows reader to customize the number and location of cities to attempt to trick the algorithm.,NA
about_me_press,FALSE,[Great paper? Swipe right on the new ‘Tinder for preprints’ app](https://www.sciencemag.org/news/2017/06/great-paper-swipe-right-new-tinder-preprints-app),Science,N/A,2017,2017,Story of the app [Papr](https://jhubiostatistics.shinyapps.io/papr/) made with Jeff Leek and Lucy D’Agostino McGowan.,NA,NA
about_me_press,FALSE,[Swipe right for science: Papr app is ‘Tinder for preprints’](https://www.nature.com/news/swipe-right-for-science-papr-app-is-tinder-for-preprints-1.22163),Nature News,N/A,2017,2017,Second press article for app Papr.,NA,NA
about_me_press,FALSE,[The Deeper Story in the Data](https://www.uvm.edu/uvmnews/news/deeper-story-data),University of Vermont Quarterly,N/A,2016,2016,Story on my path post graduation and the power of narrative.,NA,NA
by_me_press,TRUE,The ROI of Internships in Higher Education,The WAVE Newsletter,N/A,NA,2026,Shared article written and researched by Strada Education Foundation,NA,NA
by_me_press,TRUE,How to Build Employer Partnerships,The WAVE Newsletter,N/A,NA,2026,Researching best practices for how to build effective employer partnerships.,NA,NA
by_me_press,FALSE,[Who’s Speaking at the Democratic National Convention?](https://www.nytimes.com/2016/07/26/upshot/democrats-may-not-be-unified-but-their-convention-speakers-are.html),The New York Times,N/A,2016,2016,Data scraped from CSPAN records to figure out who talked and past conventions.,NA,NA
by_me_press,FALSE,[Who’s Speaking at the Republican National Convention?](https://www.nytimes.com/2016/07/19/upshot/whos-not-speaking-how-this-republican-convention-differs.html?smid=pl-share),The New York Times,N/A,2016,2016,Used same data scraping techniques as Who’s Speaking at the Democratic National Convention?,NA,NA
by_me_press,FALSE,"[A Trail of Terror in Nice, Block by Block](https://www.nytimes.com/interactive/2016/07/14/world/europe/trail-of-terror-france.html)",The New York Times,N/A,2016,2016,"Led research effort to put together story of 2016 terrorist attack in Nice, France in less than 12 hours.","Work won Silver medal at Malofiej 2017, and gold at Society of News and Design.",NA
academic_articles,FALSE,The ROI of Internships in Higher Education,The WAVE Newsletter,N/A,NA,2026,Shared article written and researched by Strada Education Foundation,NA,NA
academic_articles,FALSE,How to Build Employer Partnerships,The WAVE Newsletter,N/A,NA,2026,Researching best practices for how to build effective employer partnerships.,NA,NA
academic_articles,FALSE,Declines of Mysis diluviana in the Great Lakes,Journal of Great Lakes Research,N/A,2015,2015,Authored with Peter Euclide and Jason Stockwell.,NA,NA
academic_articles,FALSE,[Continuous Classification using Deep Neural Networks](http://nickstrayer.me/qualifying_exam/),Vanderbilt Biostatistics Qualification Exam,N/A,2017,2017,Review of methods for classifying continuous data streams using neural networks,Successfully met qualifying examination standards,NA
academic_articles,FALSE,[Charge Reductions Associated with Shortening Time to Recovery in Septic Shock](https://www.ncbi.nlm.nih.gov/pubmed/30419234),Chest,N/A,2019,2019,"Authored with Wesley H. Self, MD MPH; Dandan Liu, PhD; Stephan Russ, MD, MPH; Michael J. Ward, MD, PhD, MBA; Nathan I. Shapiro, MD, MPH; Todd W. Rice, MD, MSc; Matthew W. Semler, MD, MSc.",NA,NA
academic_articles,FALSE,R timelineViz: Visualizing the distribution of study events in longitudinal studies,Under-Review (copy available upon request.),N/A,2018,2018,Authored with Alex Sunderman of the Vanderbilt Department of Epidemiology.,NA,NA
academic_articles,FALSE,[Multimorbidity Explorer | A shiny app for exploring EHR and biobank data](http://nickstrayer.me/rstudioconf19_me-poster/),RStudio::conf 2019,N/A,2019,2019,Contributed Poster. Authored with Yaomin Xu.,NA,NA
academic_articles,FALSE,[Taking a network view of EHR and Biobank data to find explainable multivariate patterns](http://nickstrayer.me/biostat_seminar/),Vanderbilt Biostatistics Seminar Series,N/A,2019,2019,University wide seminar series.,NA,NA
academic_articles,FALSE,Patient-specific risk factors independently influence survival in Myelodysplastic Syndromes in an unbiased review of EHR records,Under-Review (copy available upon request.),NA,NA,2019,Bayesian network analysis used to find novel subgroups of patients with Myelodysplastic Syndromes (MDS).,Analysis done using method built for my dissertation.,NA
academic_articles,FALSE,Patient specific comorbidities impact overall survival in myelofibrosis,Under-Review (copy available upon request.),NA,NA,2019,Bayesian network analysis used to find robust novel subgroups of patients with given genetic mutations.,Analysis done using method built for my dissertation.,NA
